Flikster,Hyderabad,http://www.flikster.com/
Headout,San Francisco,http://www.headout.com/
Cleartrip,Mumbai,http://www.cleartrip.com/
ClearTax,Bengaluru,http://cleartax.in/
Zendrive,San Francisco,http://www.zendrive.com/
Semantics3,San Francisco,https://www.semantics3.com/
Lookup,Delhi,http://www.lookup.to/
Plivo,San Francisco,http://www.plivo.com/
Razorpay,Bengaluru,https://razorpay.com/
LoginRadius,Vancouver,http://www.loginradius.com/
HackerEarth,Bengaluru,https://www.hackerearth.com/
Springboard,San Francisco,http://www.springboard.com/
Fulfil.IO,Mountain View,http://www.fulfil.io/
Hiver,Silicon Valley,http://hiverhq.com/
ZopNow,Bengaluru,http://www.zopnow.com/
MARIANA,San Mateo,http://marianaiq.com/
Makesurehow,Bengaluru,http://www.makesurehow.com/
NoBroker,Bengaluru,http://www.nobroker.in/
Strike,Singapore,http://getstrike.co/
Overcart,Delhi,http://www.overcart.com/
DocsApp,Bengaluru,http://docsapp.in/
Timesaverz,Mumbai,http://www.timesaverz.com/
Appknox,Singapore,https://www.appknox.com/
Inksedge,Bengaluru,http://www.inksedge.com/
99tests,Bengaluru,http://99tests.com/
Frrole,Palo Alto,https://frrole.ai/
Thrillophilia,Bengaluru,http://www.thrillophilia.com/
Exotel,Bengaluru,http://exotel.in/
IMImobile,Hyderabad,http://www.imimobile.com/
Craftsvilla.com,Mumbai,http://www.craftsvilla.com/
CREO,Bengaluru,http://www.creosense.com/
Hipcask,Mumbai,http://www.hipcask.com/
Shadowfax,Mumbai,http://shadowfax.in/
Toppr,Mumbai,https://www.toppr.com/
MoEngage,Bengaluru,http://www.moengage.com/
TeamPost,San Francisco,http://www.teampost.co/
Haptik,Mumbai,http://www.haptik.ai/
Moonfrog Labs,Bengaluru,http://moonfroglabs.com/
Whatfix,Bengaluru,http://whatfix.com/
Swiggy,Bengaluru,http://www.swiggy.in/
Bizongo,Mumbai,https://bizongo.in/
Fynd,Mumbai,http://www.gofynd.com/
LogiNext,Mumbai,http://www.loginextsolutions.com/
Aisle,Bengaluru,http://www.aisle.co/
Appnomic Systems,Santa Clara,http://www.appnomic.com/
Zaya Learning Labs,Mumbai,http://www.zaya.in/
Saavn,New York City,http://corporate.saavn.com/
Tookitaki,Singapore,http://www.tookitaki.com/
BuyHatke,Bengaluru,http://buyhatke.com/
Endless Robotics,Hyderabad,http://endlessrobotics.com/
Unbxd,Bengaluru,http://www.unbxd.com/
Chillr,Mumbai,http://www.chillr.in/
Locus,Bengaluru,http://www.locus.sh/
Tablehero,Sausalito,https://tablehero.com/
Tapzo,Bengaluru,http://www.tapzo.com/
Postman,San Francisco,http://www.getpostman.com/
Furlenco,Bengaluru,http://www.furlenco.com/
Synup,Bengaluru,http://synup.com/
Talkmore,Mumbai,http://talkmoreapp.com/
Ather Energy,Bengaluru,http://www.atherenergy.com/
Planet Superheroes,Mumbai,http://www.planetsuperheroes.com/
Artoo,Bengaluru,http://www.artoo.in/
Tydy,Bengaluru,https://www.tydy.co/
Townista,Bengaluru,http://townista.com/
Hoverr,Bengaluru,http://www.hoverr.me/
Gridle,Ahmedabad,http://gridle.io/
CleverTap,Sunnyvale,https://clevertap.com/
PlaySimple,Bengaluru,https://playsimple.in/
Digio,Bengaluru,http://www.digio.in/
MintM,Palo Alto,http://www.mintm.com/
Urbanity Multisol Pvt Ltd(Didi),Mumbai,http://mydidi.in/
Crowdfire,San Francisco,http://www.crowdfireapp.com/
Watchy Technology,Bengaluru,http://watchy.in/
UniQreate,Oxford,http://www.uniqreate.com/
ShopsUp,Bengaluru,http://www.shopsup.com/
Unacademy,Bengaluru,http://unacademy.in/
Vahanalytics,Mumbai,http://www.vahanalytics.com/
Gray Routes Technology,Mumbai,http://www.grayroutes.in/
Pocket Aces,Mumbai,http://www.pocketaces.in/
Safina Ventures,Bengaluru,http://safinaventures.in/
eKincare,Hyderabad,http://www.ekincare.com/
WowTables (formerly GourmetItUp),Mumbai,http://wowtables.com/
Weavedin,Bengaluru,http://weavedin.com/
BHIVE Workspace,Bengaluru,http://bhiveworkspace.com/
Crispify,Bengaluru,http://crispify.it/
GrabOn,Hyderabad,http://www.grabon.in/
Naturenama,Mumbai,http://naturenama.com/
BYG Book Your Game,Delhi,http://byg.co.in/
KredX,Bengaluru,https://www.kredx.com/
galleri5,Bengaluru,https://galleri5.com/
AppLift,Berlin,http://www.applift.com/
Goodbox,Bengaluru,http://www.goodbox.in/
Circus Social,Singapore,http://www.circussocial.com/
Pratilipi,Bengaluru,http://www.pratilipi.com/
Arya.ai,San Francisco,http://arya.ai/
Lrnr (learner),San Francisco Bay Area,http://www.lrnr.us/
Stockroom,Hyderabad,http://stockroom.io/
Flatchat,Bengaluru,http://flatchat.com/
GetMyUni,Bengaluru,http://www.getmyuni.com/
Furdo.com,Bengaluru,http://www.furdo.com/
Citrus Pay,Mumbai,http://citruspay.com/merchants
IQLECT,Bengaluru,http://www.iqlect.com/
JUSPAY,Bengaluru,http://juspay.in/
Applozic,San Francisco,https://www.applozic.com/
Inknowledge,Dallas,http://www.inknowledge.com/
Mobisy,Bengaluru,http://bizom.in/
Codemojo,Chennai,http://codemojo.io/
GoHero.ai,New York City,http://www.gohero.ai/
Commut,Gachibowli,https://www.commut.co/
Actofit Wearables,Navi Mumbai,http://www.actofit.com/
Snaptrude,Bengaluru,http://www.snaptrude.com/
Roder,Delhi,http://www.roder.in/
CredR,Mumbai,http://www.credr.com/
Scootsy.com,Mumbai,http://www.scootsy.com/
SuperFan.ai,Mumbai,http://www.superfan.ai/
Plash,Singapore,http://www.plash.media/
Truebil,Mumbai,http://www.truebil.com/
Omnify,San Francisco,https://getomnify.com/
RentoMojo,Mumbai,https://www.rentomojo.com/
PoshVine,Bengaluru,http://www.poshvine.com/
Indus OS,Mumbai,http://www.indusos.com/
iShippo.com,Bengaluru,http://www.ishippo.com/
Stockal,New York City,http://www.stockal.com/
ShipEasy,Mumbai,http://www.shipeasy.in/
Ninjacart,Bengaluru,http://ninjacart.in/
WheelStreet,New Delhi,http://www.wheelstreet.in/
ftcash,Mumbai,http://www.ftcash.com/
Maptags,Bengaluru,http://mapta.gs/
Red Panda Innovation Labs,Pune,http://www.theredpandas.com/
LetsTransport,Bengaluru,http://www.letstransport.in/
Playment,San Francisco,http://playment.io/
ThingsCloud,Bengaluru,http://thethingscloud.com/
Xoxoday,Bengaluru,http://www.xoxoday.com/
Traveosoft,Bengaluru,http://www.traveosoft.com/
Zefo,Bengaluru,http://gozefo.com/
YFret,Newark,http://www.yfret.com/
talentXOOM,Fremont,http://talentxoom.com/
tralgy (Formerly PlanMyTour),Bengaluru,https://planmytour.in/
The Hop Hub,Hyderabad,http://www.thehophub.com/
Areahop,Bengaluru,http://www.areahop.com/
VEHICO,Bengaluru,http://www.vehi-co.com/
Instavans,Bengaluru,http://www.instavans.com/
Bixera Information Technology,Bengaluru,http://bixera.com/
Foradian,Bengaluru,http://www.foradian.com/
RecurRex,Bengaluru,http://www.recurrex.com/
LenDenClub,Mumbai,http://www.lendenclub.com/
Fortraiz,Bengaluru,http://www.fortraiz.com/
Uolo Technology,Bengaluru,http://www.theuolo.com/
ToGo Carpool,Mumbai,http://www.togocarpool.com/
Tradelab,Bengaluru,http://tradelab.in/
Classvita,Jaipur,http://www.classvita.com/
Zup,Bhopal,http://z2p.today/
LetsMath,Bengaluru,http://letsmath.xyz/
Care Code Engagements,Mumbai,http://www.healthyalways.com/
Synkku Innovative Solutions,Bengaluru,http://www.synkku.com/
#WIISE,Hyderabad,http://www.wiise.in/
Ediffy,Mumbai,http://ediffy.com/
OhLook,Hyderabad,http://www.ohlook.in/
TheCollegeFever,Bengaluru,https://www.thecollegefever.com/
highway delite,Bengaluru,http://www.highwaydelite.com/
GO WEB,Bengaluru,http://go-web.co/
Flexing It,Delhi,http://www.flexingit.com/
Suvidhaa.com,Mumbai,http://www.suvidhaa.com/
Techite Solutions,Indore,http://rajeevprakash.com/
moovlee,Coimbatore,http://www.moovlee.com/
Onionfans Pte.Ltd,Bengaluru,http://www.onionfans.com/
Hombot,Hyderabad,https://hombot.in/
ADmyBRAND,Ahmedabad,http://www.admybrand.com/
Spire Technologies,Bengaluru,http://www.spiretechnologies.com/
Blackbuck.com,Bengaluru,http://www.blackbuck.com/
Zilingo.com,Bengaluru,http://www.zilingo.com/
Happy2refer,Mumbai,http://www.happy2refer.com/
Hungree Belly,Bengaluru,http://www.hungreebelly.com/
TeliportMe,Palo Alto,http://www.teliportme.com/
Youplus,Mountain View,http://www.youplus.co/
Meesho,Bengaluru,http://www.meesho.com/
Stride.AI,Kansas City,http://www.stride.ai/
bottr.me,San Francisco,https://bottr.me/
Vahan,Singapore,http://vahan.co/
Uninstall.io,Bengaluru,http://www.uninstall.io/
Almabase,Boston,http://www.almabase.com/
GSF,Delhi,http://gsfindia.com/
GridRaster,Palo Alto,http://www.gridraster.com/
DoSelect,Bengaluru,https://doselect.com/coding-tests-recruitment
DataWeave,Seattle,http://www.dataweave.com/
Spoyl,Bengaluru,https://www.spoyl.in/
Swym (Techstars '17),Seattle,http://swym.it/
DailyRounds,Bengaluru,http://www.dailyrounds.org/
Cloud Lending,San Mateo,http://www.cloudlendinginc.com/
HashLearn,Bengaluru,http://www.hashlearn.com/
ZipGo,Bengaluru,http://www.zipgo.in/
CanvasFlip,Bengaluru,http://canvasflip.com/
ZestMoney,Bengaluru,http://www.zestmoney.in/
MavenHive,Bengaluru,http://www.mavenhive.in/
Logistimo,Hubli,http://logistimo.com/
InstaSafe,Bengaluru,http://www.instasafe.com/
FeetApart Wellness,Bengaluru,http://www.feetapart.com/
Ray Iot (Riot) Solutions,San Francisco,http://rayiot.org/
Coseer,San Francisco,http://www.coseer.com/
MoveInSync Technology Solutions,Bengaluru,http://www.moveinsync.com/
MoneyTap,Bengaluru,http://www.moneytap.com/
Social Frontier,Bengaluru,http://www.socialfrontier.com/
Finomena,Bengaluru,http://www.finomena.com/
DeltaX,Bengaluru,http://www.deltax.com/
LoveThisStuff,Bengaluru,http://www.lovethisstuff.com/
Dazo,Bengaluru,http://www.dazo.in/
Elanic,Bengaluru,http://elanic.in/
Amuse Labs,San Francisco,http://amuselabs.com/
bakbak,Bengaluru,http://bakbak.me/?ref=angel
Intugine Technologies,Bengaluru,http://www.intugine.com/
PushEngage,Bengaluru,https://www.pushengage.com/
Blowhorn,Bengaluru,http://www.blowhorn.net/
Streamoid Technologies,New York City,http://streamoid.com/
Zenprivex,Bengaluru,http://www.zenprivex.com/
MachIQ Software Services AG,Lausanne,http://www.machiq.com/
Jana Care,Boston,http://www.janacare.com/
Snapstudio,SÃ£o Paulo,http://snapstudio.co/
Primaseller,Bengaluru,http://www.primaseller.com/
CallHub,Bengaluru,https://callhub.io/
SlicePay,Bengaluru,http://www.slicepay.in/
BabyChakra,Mumbai,http://www.babychakra.com/
Oust Labs,Cupertino,http://www.oustlabs.com/
JustDoc,Bengaluru,https://justdoc.com/
Baadl,Mumbai,http://baadl.com/
CouponDunia,Bengaluru,http://www.coupondunia.in/
numberz,Gurgaon,http://www.numberz.in/
HealthifyMe,Bengaluru,http://healthifyme.com/
Graphiti XYZ,Bengaluru,http://www.graphiti.xyz/?utm_source=angel
DriversKart,Chennai,http://www.driverskart.com/
Nalini Networks,Sunnyvale,http://www.nalininetworks.com/
OpenEBS,Bengaluru,http://www.openebs.io/
Jumbotail,Bengaluru,http://www.jumbotail.com/
UrbanPiper,Bengaluru,http://www.urbanpiper.com/
neoEYED,Delaware,http://www.killthepassword.com/
Quizizz,San Francisco,http://www.quizizz.com/
Gameday,Chennai,http://www.gameday.asia/
Talview,Bengaluru,http://www.talview.com/
SMERGERS,Bengaluru,https://www.smergers.com/
SimplyMoveIn,Bengaluru,https://www.simplymovein.com/
Vamaship,Mumbai,http://vamaship.com/
Mech Mocha,Bengaluru,http://www.mechmocha.com/
Fullonwedding,Bengaluru,https://www.fullonwedding.com/
Cosi Games,New York City,http://www.cosiproductions.com/
enguru,Bengaluru,http://www.enguruapp.com/
Tridz,Bengaluru,http://www.tridz.com/
Marax AI,San Francisco,http://marax.in/
DrivoJoy,Bengaluru,http://www.drivojoy.com/
Rocketium,Bengaluru,https://rocketium.com/
BlackMonk,Bengaluru,http://www.blackmonk.com/
ShipThis,Bengaluru,https://shipthis.co/
Kristal,Bengaluru,https://kristal.ai/
Tripeasel Technologies,Bengaluru,https://www.tripeasel.com/
Citizengage,Bengaluru,http://citizengage.co/
Dataphi Labs,Bengaluru,http://dataphilabs.com/
Aurut,Bengaluru,http://aurut.com/
Voiro,Bengaluru,https://www.voiro.com/
Loktra,Bengaluru,http://www.loktra.com/
SmartOwner,Singapore,http://www.smartowner.com/
Pixtory,Bengaluru,http://pixtory.in/
Artifacia,Bengaluru,http://www.artifacia.com/
Tarah AI,Bengaluru,http://tarah.ai/
Youth for Youth,Bengaluru,http://yfory.org/
UrbanDart,Hyderabad,http://www.urbandart.com/
Jiovio healthcare,Bengaluru,http://jiovio.com/
AUC Ventures,Chennai,http://www.aucventures.com/
Udhaar,Bengaluru,http://udhaar.co/
Actnowledge,Bengaluru,http://www.actnowledge.com/
Budli.in,Bengaluru,http://budli.in/
Clustr,Bengaluru,http://www.clustr.co.in/
Relatas,Bengaluru,http://relatas.com/
Explore Life Traveling,Bengaluru,https://www.explorelifetraveling.com/
Hevo.io,Bengaluru,https://hevo.io/
Yethi Consulting,Bengaluru,http://www.yethi.in/
Typeset,Bengaluru,http://www.typeset.io/
Dr Spine Clinic,Bengaluru,http://www.chiro.drspine.in/
Shipwaves,Bengaluru,http://www.shipwaves.com/
DataGlen,Bengaluru,http://dataglen.com/
PlaySolar,Bengaluru,http://www.playsolar.in/
Shumee Toy,Bengaluru,http://www.shumee.in/
Remedico,Bengaluru,http://remedicohealth.com/
Shopology,Delhi,http://shopology.co.in/
Crowdcraver,Bengaluru,http://www.crowdcraver.com/
Cardlove.co.in,Bengaluru,http://cardlove.co.in/
Scoot App,Bengaluru,http://scootapp.com/
YourDOST,Bengaluru,http://www.yourdost.com/
Blink by Witworks,Bengaluru,http://www.blink.watch/
PSTakeCare,Mumbai,https://pstakecare.com/
RepHike,Wilmington,http://rephike.com/
Slintel,San Francisco,http://slintel.com/
Floh,Bengaluru,http://www.floh.in/
FORMCEPT,Bengaluru,http://www.formcept.com/
aapkapainter,Mumbai,https://aapkapainter.com/
WiLoop,Bengaluru,https://wiloop.in/
Pervazive,Bengaluru,http://www.pervazive.com/
Datalicious,Sydney,http://www.datalicious.com/
Yappily,Bengaluru,https://yappily.com/
Typito,Bengaluru,http://typito.com/
CloudInfra,Bengaluru,http://www.cloudinfra.in/
Observe AI,Bengaluru,http://observe.ai/
IBT Media,Bengaluru,http://www.ibtimes.co.in/
Rapido,Bengaluru,http://www.rapido.bike/
foOfys Solutions,Bengaluru,http://www.foofys.com/
AdWyze,Bengaluru,http://www.adwyze.com/
Pucho,Bengaluru,http://www.pucho.co/
TeamWave,Delaware,http://teamwave.com/
OneDirect,Delhi,http://www.onedirect.in/
SevenProsper.com,Bengaluru,https://www.sevenprosper.com/
Printo,Bengaluru,http://printo.in/
Finance Buddha,Bengaluru,http://www.financebuddha.com/
CloudMagic,Palo Alto,https://cloudmagic.com/
VoyageUp,Bengaluru,http://www.voyageup.com/
AxisRooms,Bengaluru,http://www.axisrooms.com/
EroNkan,Ahmedabad,https://eronkan.com/
Bicycle AI,Bengaluru,http://bicycleai.com/
Shipmile,Hyderabad,http://www.shipmile.com/
niki.ai,Bengaluru,http://www.niki.ai/
PromptCloud,Bengaluru,http://promptcloud.com/
Agility Roots,Bengaluru,http://www.agilityroots.com/
ConfirmTkt.com,Bengaluru,http://confirmtkt.com/
Retailio,Mumbai,http://www.retailio.in/
Akaar,Bengaluru,http://akaar.org/
Zolo,Pune,http://www.zolostays.com/
Mobisy Technologies,Bengaluru,http://bizom.in/
Urban Fitness,Bengaluru,http://urbanfitness.in/
Vagupu,San Jose,http://www.vagupu.com/
Skylark Drones,Bengaluru,http://www.skylarkdrones.com/
Aspiring Minds,Gurgaon,http://www.aspiringminds.com/
PandoCorp,Bengaluru,http://www.pando.in/beta/
CloudxLab,Delaware,https://cloudxlab.com/
Work Sigma,San Francisco,http://www.worksigma.com/
HungerBox,Bengaluru,http://www.hungerbox.com/
Aquagenics R&D India,Bengaluru,http://www.waterscience.in/
Houzen,London,http://houzen.co.uk/
TARS,Bengaluru,http://hellotars.com/
ISTAR Skill Development,Bengaluru,http://www.istarindia.com/
Parallel Labs,Bengaluru,http://parallellabs.io/
Walnut Knowledge Solutions,Bengaluru,http://www.walnuts.co.in/
Spinny,Gurgaon,https://www.myspinny.com/
Invento Robotics,Bengaluru,http://mitrarobot.com/
LibeRent,Bengaluru,https://www.liberent.com/
Wiredelta,Copenhagen,https://www.wiredelta.com/
GEM Tech,Bengaluru,https://www.linkedin.com/company-beta/13284671
PipeCast,Bengaluru,http://pipecast.co/
CybrHome,Bengaluru,http://www.cybrhome.com/
Prohiring,Bengaluru,http://prohiring.co/
iService,Bengaluru,http://www.iservice.co.in/
MoveInSync Technology,Bengaluru,http://www.moveinsync.com/
Web Marketing Academy,Bengaluru,http://www.webmarketingacademy.in/
HashedIn Technologies,Bengaluru,http://www.hashedin.com/
TryKaro,Bengaluru,http://www.trykaro.com/
Happy Adda Studios,Bengaluru,http://www.happyadda.com/
Ideaphora,Bengaluru,http://www.ideaphora.com/
Smarter.Codes,Chandigarh,http://www.smarter.codes/
Airloyal - Getinsights.co - Ladooo,Chennai,http://www.airloyal.com/
Minglebox.com,Bengaluru,http://www.minglebox.com/
WinkTales,Bengaluru,http://www.winktales.com/
CutShort,Pune,http://cutshort.io/voila
Levo,Bengaluru,http://www.getlevo.com/
Singulariti,Bengaluru,http://singulariti.ai/
Tinystep,Bengaluru,http://www.tinystep.in/
EClinic 24/7,Bengaluru,http://www.eclinic247.com/
Dune,San Francisco,http://getdune.com/
Shoppist,Bengaluru,http://www.shoppist.me/
Muses Marketing,Gurgaon,http://www.musesmarketing.com/
Groww,Bengaluru,https://groww.in/
Appsfly.io,Bengaluru,http://appsfly.io/
Guarented.com,Bengaluru,http://www.guarented.com/
ApartmentADDA,Bengaluru,https://apartmentadda.com/
Byond Travel,Bengaluru,http://www.byond.travel/
NextGen PMS,Bengaluru,http://www.nextgenpms.com/
CollPoll,Delhi,http://www.collpoll.com/
Instano,Bengaluru,http://www.instanoapp.com/
Scribie,San Francisco,https://scribie.com/
1Crowd,Bengaluru,https://www.1crowd.co/
CirQ,Bengaluru,http://getcirq.com/
Svasth Life Pvt.,Bengaluru,https://www.healthi.in/
Nalini Networks,Bengaluru,http://www.nalininetworks.com/
ListUp,Bengaluru,http://www.listup.co.in/
Smallcase,Bengaluru,http://smallcase.com/
Classmint.com,Bengaluru,https://www.classmint.com/
Awesummly,Bengaluru,http://www.awesummly.com/
PregBuddy,Bengaluru,http://www.pregbuddy.com/
QuietGrowth,Sydney,https://www.quietgrowth.com.au/
NUMA Bengaluru,Paris,https://bengaluru.numa.co/
Pitstop,Bengaluru,http://www.getpitstop.com/
DudeGenie,Bengaluru,http://www.dudegenie.com/
Cubito,Bengaluru,http://www.cubito.in/
Needle Innovision Pvt.Ltd,Bengaluru,http://needleinnovision.com/
Payjo,San Mateo,https://payjo.co/
Around.io,Bengaluru,http://around.io/
Giftingnation,Bengaluru,http://www.giftingnation.com/
Hansel.io,Bengaluru,http://hansel.io/
YincMall.com,Bengaluru,http://yincmall.com/
Capital Float,Bengaluru,http://www.capitalfloat.com/
FalconBrick Technologies,Bengaluru,http://www.falconbrick.com/
Pin Click,Pune,http://www.pinclick.com/
Prakshep,Bengaluru,http://www.prakshep.com/
BigPhi: Smart Clothing to Smart Vehicles,Bengaluru,http://www.bigphi.com/
SNEED,Bengaluru,http://www.sneed.in/
Stylumia Intelligence Technology,Bengaluru,http://www.stylumia.com/
Codebrahma Technologies,Bengaluru,https://codebrahma.com/
Culinosh,Bengaluru,http://www.culinosh.com/
Impact Analytics,Bengaluru,http://www.impactanalytics.co/
NetBramha Studios,Bengaluru,http://www.netbramha.com/
AssociatedIT,Bengaluru,http://www.associatedit.in/
RoofandFloor,Bengaluru,http://roofandfloor.com/
Aindra Systems,Bengaluru,http://www.aindra.in/
GoodWorkLabs,San Francisco,http://www.goodworklabs.com/
dunzo,Bengaluru,http://dunzo.in/
Place of Origin,Bengaluru,http://www.placeoforigin.in/
Ordertrainings.com,Bengaluru,http://www.ordertrainings.com/
LaunchYard,Bengaluru,http://www.launchyard.com/
Evibe,Bengaluru,https://evibe.in/
The Decision Labs,Bengaluru,http://www.thedecisionlabs.com/
Balance,Bengaluru,https://www.balance.tech/
The Media Ant,Bengaluru,http://www.themediaant.com/
Fancymonk,Bengaluru,http://www.fancymonk.com/
ShakeDeal,Bengaluru,http://www.shakedeal.com/
MORNING CART,Bengaluru,http://www.morningcart.com/
PincPolka,Bengaluru,http://www.pincpolka.com/
TheDecisionLabs Consulting,Bengaluru,http://www.thedecisionlabs.com/
Zraya Custom Furniture,Bengaluru,http://www.zraya.com/
Shiplyst.com,Bengaluru,http://www.shiplyst.com/
AeroLeads,Bengaluru,https://aeroleads.com/
Aarav Unmanned Systems (AUS),Bengaluru,http://www.aus.co.in/
Campture,Gurgaon,http://www.campture.com/
MeTripping,Bengaluru,http://www.metripping.com/
honestcollars,Bengaluru,http://www.honestcollars.com/
Hotelsoft,Bengaluru,http://www.hotelsoft.com/
Vernacular.ai,Bengaluru,http://www.vernacular.ai/
Vogo Rentals,Bengaluru,http://vogo.in/
Medikoe,Bengaluru,http://www.medikoe.com/
EventzIO,Bengaluru,http://eventz.io/
EndGate Global,Toronto,http://www.endgateglobal.com/
eLagaan,Bengaluru,https://elagaan.com/
Hirillo,Bengaluru,http://hirillo.com/
Whodat,Bengaluru,http://www.whodat.in/
GrabOnRent,Bengaluru,http://www.grabonrent.com/
dishq,Bengaluru,http://www.dishq.in/
Elementora,Bengaluru,http://www.elementora.com/
Skill Venue,Bengaluru,http://skillvenue.com/
Lendingkart Technologies Pvt Ltd,Bengaluru,http://www.lendingkart.com/
Share At Door Step,Bengaluru,http://www.sadsindia.org/
Local Queen,Bengaluru,http://www.localqueen.com/
Medi Assist Healthcare Services,Bengaluru,http://mahs.in/